"Customer_id";"customername";"gender";"age";"total_purchases";"total_spent";"avg_purchase_value";"churn"
44605;"John Rivera";"Female";31;5;10755.0;2151.0;0
13738;"Lauren Johnson";"Female";27;5;14483.0;2896.6;0
33969;"Carol Allen";"Male";27;7;25266.0;3609.4286;0
42650;"Curtis Smith";"Female";20;13;35366.0;2720.4615;0
24053;"Jose Green";"Male";53;5;12253.0;2450.6;0
19676;"Linda Lee";"Male";57;5;13441.0;2688.2;0
19917;"Joshua Davis";"Male";34;4;8398.0;2099.5;1
16051;"Ellen Kent";"Male";45;9;28436.0;3159.5556;0
23734;"Cheryl Espinoza";"Male";18;4;12876.0;3219.0;0
16921;"Cheyenne James";"Male";54;6;15398.0;2566.3333;0
7796;"Lisa Dennis";"Male";21;4;11306.0;2826.5;0
21035;"Peter Watson";"Female";50;7;12641.0;1805.8571;1
37125;"Terry Campos";"Female";24;3;4822.0;1607.3333;0
41840;"Ronald Berger";"Male";48;10;21529.0;2152.9;0
2642;"Ian Kelley";"Female";67;5;14812.0;2962.4;0
1254;"Mr. David Morgan";"Male";70;2;5429.0;2714.5;0
13389;"Monica Ramos";"Male";51;9;25842.0;2871.3333;0
24473;"Nicole Lewis";"Female";38;5;12685.0;2537.0;0
11230;"Rebecca Boyer";"Male";23;6;17570.0;2928.3333;0
24741;"Steven Mcmillan";"Female";50;6;15984.0;2664.0;0
10191;"Walter Griffin";"Male";66;11;33332.0;3030.1818;0
6829;"Chelsea Williams";"Male";43;4;12307.0;3076.75;0
16825;"Melissa Cabrera";"Male";37;5;12419.0;2483.8;1
18467;"Terri Carter";"Male";23;9;22152.0;2461.3333;0
34857;"Alexander Morse";"Male";57;8;17249.0;2156.125;1
21801;"Anne Leblanc";"Female";19;4;6247.0;1561.75;0
11769;"John Jones";"Male";65;2;3241.0;1620.5;0
22193;"Kyle Smith";"Male";27;5;14451.0;2890.2;0
7340;"Kim Mcdonald";"Male";35;6;13826.0;2304.3333;1
31538;"Joshua Maynard";"Male";37;7;25755.0;3679.2857;0
33511;"Kathleen Brown";"Male";56;7;22157.0;3165.2857;1
5952;"Elizabeth Ingram";"Male";55;5;11462.0;2292.4;0
48449;"Mrs. Stacy Brown DDS";"Male";31;6;18751.0;3125.1667;0
17203;"James Roberson";"Male";62;6;22019.0;3669.8333;0
2695;"Andrea Ross";"Female";45;8;20339.0;2542.375;0
15079;"Christine Stanton";"Male";24;7;23433.0;3347.5714;0
21450;"Christopher Barber";"Female";39;7;22493.0;3213.2857;1
11738;"Cynthia Taylor";"Male";64;4;11313.0;2828.25;0
15595;"Stephen Hughes";"Male";40;7;23360.0;3337.1429;0
44311;"Lauren Torres";"Female";49;8;29340.0;3667.5;1
31852;"Amber Watson";"Male";70;3;7202.0;2400.6667;1
46881;"Matthew Navarro";"Male";40;5;17142.0;3428.4;0
14652;"George Johnson Jr.";"Female";31;11;28061.0;2551.0;0
835;"Richard Smith";"Male";59;5;16762.0;3352.4;0
26275;"Colton Guerra";"Female";64;4;14852.0;3713.0;0
37795;"Steven Mccullough";"Male";62;6;14044.0;2340.6667;0
4553;"Roy Rosales";"Female";19;6;17693.0;2948.8333;0
6656;"Stacy Melendez";"Female";19;7;18171.0;2595.8571;0
45727;"April Reynolds";"Female";61;8;20313.0;2539.125;0
5243;"Kendra Bates";"Male";70;6;14159.0;2359.8333;1
32153;"Megan Perry";"Female";28;4;15587.0;3896.75;0
46689;"Jessica Lopez";"Female";34;10;29013.0;2901.3;0
8034;"Patrick Salinas";"Male";30;8;23099.0;2887.375;1
49818;"Kaylee Evans";"Female";67;8;29287.0;3660.875;0
37983;"Victoria Michael";"Male";67;3;6606.0;2202.0;0
13184;"Michael Daniels";"Female";62;6;18846.0;3141.0;0
23699;"Tina Murray";"Male";59;9;20743.0;2304.7778;1
15531;"Julie Molina";"Female";34;3;4081.0;1360.3333;0
33338;"Christine Dixon";"Male";58;5;14476.0;2895.2;1
25314;"Joseph Pacheco";"Male";42;5;11605.0;2321.0;0
8086;"Angel Harris";"Male";39;10;23281.0;2328.1;0
46717;"Mary Nguyen";"Female";44;3;13630.0;4543.3333;0
37332;"Kayla Fleming";"Female";65;10;37509.0;3750.9;0
48175;"Nancy Riley";"Male";51;8;20944.0;2618.0;0
10481;"Stephanie Patel";"Male";61;6;21952.0;3658.6667;0
42500;"Jasmine Miller";"Female";43;9;25553.0;2839.2222;0
45465;"Patrick Baker";"Female";58;8;22173.0;2771.625;0
18433;"Joshua Wallace";"Male";60;3;6549.0;2183.0;0
12338;"Sue Sawyer";"Female";21;6;22564.0;3760.6667;1
9606;"Kevin Zimmerman";"Male";51;4;10804.0;2701.0;0
44513;"Michael Perry";"Female";21;3;10481.0;3493.6667;0
7048;"Shawn Jensen";"Male";18;4;6268.0;1567.0;0
7805;"Shawn Reynolds";"Female";35;8;20654.0;2581.75;0
10762;"Ashley Burton";"Male";60;9;15084.0;1676.0;0
4272;"Scott Green";"Female";44;4;10720.0;2680.0;0
11069;"Jennifer Ruiz";"Female";23;5;5581.0;1116.2;0
46183;"Christopher Hawkins";"Female";69;6;16255.0;2709.1667;0
13534;"Shane Martinez";"Male";54;8;15103.0;1887.875;0
1298;"Robert Hines";"Male";61;7;21193.0;3027.5714;0
5616;"Sarah Rodriguez";"Male";48;6;20990.0;3498.3333;0
38546;"Alicia Shaw";"Female";41;4;9973.0;2493.25;0
35164;"Diana Snow";"Female";58;10;30017.0;3001.7;1
29493;"Sandra Simpson";"Male";67;5;11827.0;2365.4;0
20394;"Shawn Stafford";"Female";61;5;14577.0;2915.4;0
25141;"Steve Young";"Female";37;5;17695.0;3539.0;0
28484;"Amber Crawford";"Female";25;7;24079.0;3439.8571;0
19647;"Kelly Dean";"Male";37;6;20297.0;3382.8333;1
41953;"Amber Lara";"Female";69;6;18667.0;3111.1667;0
34666;"Lori Hooper";"Female";26;3;4896.0;1632.0;0
48259;"Melanie Taylor";"Female";42;6;16850.0;2808.3333;0
38905;"James Phillips";"Male";38;6;15838.0;2639.6667;0
353;"Jessica Gardner";"Female";33;7;19498.0;2785.4286;1
2159;"Ashlee King";"Female";69;6;16315.0;2719.1667;0
6704;"Anthony Rich";"Male";58;9;23347.0;2594.1111;0
32343;"Stephen Meadows";"Male";44;5;13073.0;2614.6;1
15543;"Robert Hopkins";"Male";57;4;7996.0;1999.0;0
29419;"Steven Allen";"Female";57;6;16943.0;2823.8333;0
42327;"Matthew Hill DVM";"Female";20;7;24927.0;3561.0;1
19293;"James Bass";"Female";46;3;8983.0;2994.3333;0
24863;"Jordan Moore";"Male";43;6;14385.0;2397.5;0
42859;"Kenneth Soto";"Female";68;9;22659.0;2517.6667;1
1364;"Melissa Molina";"Female";24;8;28502.0;3562.75;0
3494;"Jessica Jimenez MD";"Female";51;7;21398.0;3056.8571;0
4807;"Mason Sanchez";"Female";59;7;20836.0;2976.5714;0
11116;"Lauren Gregory";"Female";66;6;24761.0;4126.8333;0
1975;"Samuel Maldonado";"Male";51;7;17778.0;2539.7143;0
27690;"John Juarez";"Female";57;6;9823.0;1637.1667;0
39126;"Erica Duncan";"Male";61;3;11961.0;3987.0;0
10016;"Robin West";"Female";57;4;15232.0;3808.0;0
37527;"Elizabeth Myers";"Male";41;9;23354.0;2594.8889;1
48220;"Yolanda Washington";"Female";51;3;7854.0;2618.0;1
21954;"Chad Blair";"Female";21;7;18042.0;2577.4286;0
46055;"Krista Mullen";"Female";41;4;17439.0;4359.75;0
10125;"Elizabeth Haney";"Male";19;3;13251.0;4417.0;0
22074;"Jacqueline Jones";"Male";57;9;27323.0;3035.8889;0
35531;"Jonathan Marsh";"Female";39;5;17511.0;3502.2;0
1193;"Xavier Wilson";"Female";44;10;21873.0;2187.3;0
21703;"Richard Khan";"Female";49;6;21055.0;3509.1667;0
27337;"Shelby Henry";"Female";48;7;10713.0;1530.4286;1
10458;"Luke West";"Female";65;7;16560.0;2365.7143;0
15399;"Joshua Holden";"Female";39;8;27589.0;3448.625;0
18400;"Shelly Dorsey";"Male";36;7;16313.0;2330.4286;0
48711;"Michael Baker";"Female";65;9;26123.0;2902.5556;0
7090;"Andrew West";"Female";37;6;21497.0;3582.8333;0
24534;"Paul Ford";"Male";54;6;20738.0;3456.3333;0
2521;"Deborah Miller";"Male";50;9;20931.0;2325.6667;0
5837;"Gary Wilson";"Male";68;6;18775.0;3129.1667;0
4487;"Heather Jones";"Female";34;5;13237.0;2647.4;1
28778;"Tammy Tucker";"Male";25;7;18146.0;2592.2857;0
26860;"Emily Cruz";"Male";53;4;13903.0;3475.75;1
23168;"Vanessa Lewis";"Female";57;5;14422.0;2884.4;0
27357;"Kylie Kelley";"Female";65;8;26460.0;3307.5;0
6795;"Jon Lynch";"Male";65;9;25204.0;2800.4444;0
6320;"Tiffany Tanner";"Male";25;9;20145.0;2238.3333;0
49031;"Suzanne Martinez";"Female";53;5;17120.0;3424.0;0
9798;"Beverly Martin";"Female";19;8;22898.0;2862.25;0
14425;"Sarah Young";"Male";54;4;13960.0;3490.0;0
35940;"Jacqueline Mcgee";"Male";33;3;12841.0;4280.3333;0
4098;"Sarah Garrett";"Female";52;2;5315.0;2657.5;0
14875;"Christian Contreras";"Male";67;3;9720.0;3240.0;1
33471;"Valerie Brooks";"Female";30;9;26274.0;2919.3333;1
6003;"Douglas Tyler";"Female";60;1;1178.0;1178.0;0
41194;"Mckenzie Christensen";"Female";54;8;25914.0;3239.25;0
38837;"James Warren";"Female";54;4;10883.0;2720.75;1
22451;"Julie Scott";"Female";52;9;12328.0;1369.7778;0
18896;"Crystal Yoder";"Female";55;3;7965.0;2655.0;0
8937;"Richard Thompson";"Male";19;2;5165.0;2582.5;0
30778;"Stephanie Johnson";"Male";32;3;9280.0;3093.3333;0
48283;"John Wilcox";"Female";50;5;14351.0;2870.2;0
48313;"John Simpson";"Female";19;3;8897.0;2965.6667;1
7832;"Angela Porter";"Male";43;7;20262.0;2894.5714;0
19150;"Michael Moore";"Male";20;4;10493.0;2623.25;0
35194;"Philip Hinton";"Female";40;6;14528.0;2421.3333;0
28994;"Samantha Ruiz";"Female";51;6;19975.0;3329.1667;0
14579;"Anthony Thomas";"Female";42;5;17887.0;3577.4;1
45612;"Brandon Lee";"Male";49;7;16800.0;2400.0;0
20426;"Sarah Flowers";"Female";26;4;10796.0;2699.0;0
43648;"Sydney Mcguire";"Female";35;4;12084.0;3021.0;0
6460;"Tyler Fernandez";"Male";56;11;26188.0;2380.7273;0
37543;"Paul Hicks";"Female";23;6;14509.0;2418.1667;0
6501;"Sara Flores";"Female";42;3;8109.0;2703.0;0
4919;"Michael Jimenez";"Male";20;4;12977.0;3244.25;0
5538;"Lisa Walters";"Female";31;4;7906.0;1976.5;0
9687;"Sherri Jones";"Female";64;5;10257.0;2051.4;0
33654;"James Crane";"Male";31;2;4016.0;2008.0;0
45363;"Debra Brown";"Female";69;4;9332.0;2333.0;0
5737;"Jennifer Taylor";"Male";56;3;6312.0;2104.0;0
41540;"John Turner";"Female";68;7;17625.0;2517.8571;1
31507;"Sandra Hayes";"Male";31;5;12136.0;2427.2;0
41334;"Anne Williams";"Female";42;5;14896.0;2979.2;0
47129;"Erin Ewing";"Male";41;9;25512.0;2834.6667;0
5423;"Aaron Jacobs";"Male";60;5;14606.0;2921.2;1
28317;"Candice Pierce";"Male";51;12;34436.0;2869.6667;0
41740;"Mary Guzman";"Female";44;8;28149.0;3518.625;0
28540;"Angela Alvarez";"Female";19;5;15047.0;3009.4;0
46971;"Laura Davis";"Male";21;8;19341.0;2417.625;0
4576;"Jennifer Diaz";"Female";40;6;13494.0;2249.0;0
21401;"Eric Hernandez";"Female";63;7;14406.0;2058.0;0
41933;"Rachel Morgan";"Female";69;9;25920.0;2880.0;0
16121;"Jordan Smith";"Female";58;7;16216.0;2316.5714;0
27735;"Elizabeth Rivas";"Male";41;8;23972.0;2996.5;0
9101;"Sonya Blair";"Male";56;3;8078.0;2692.6667;0
18868;"Brenda Moore";"Female";24;8;16870.0;2108.75;1
27530;"Karina Proctor";"Female";40;5;11833.0;2366.6;0
22092;"Mrs. Melissa Hernandez";"Female";30;7;18327.0;2618.1429;0
40530;"Anthony Pearson";"Male";56;5;17354.0;3470.8;0
23892;"Juan Gomez";"Female";67;5;18474.0;3694.8;1
15657;"Steve Mays";"Male";30;3;11472.0;3824.0;0
11397;"Vanessa Blackburn";"Male";60;6;15609.0;2601.5;0
46942;"Anna Martin";"Female";62;7;23081.0;3297.2857;0
48430;"Christopher Duran";"Male";24;6;8213.0;1368.8333;0
23587;"Leslie Estrada";"Female";43;5;15180.0;3036.0;0
40328;"Amanda Lewis";"Male";42;6;13885.0;2314.1667;0
30365;"Megan Bates";"Male";64;10;26549.0;2654.9;0
19502;"Travis Garcia";"Female";70;8;23574.0;2946.75;1
24472;"Michael Martinez";"Female";48;6;14428.0;2404.6667;0
28667;"Mitchell Bryan";"Male";67;9;24018.0;2668.6667;0
44907;"Gregory Ramsey";"Male";30;5;13962.0;2792.4;0
23706;"Kelly Sanchez";"Male";40;7;17819.0;2545.5714;0
30960;"Lisa Miller";"Female";25;8;17904.0;2238.0;0
29541;"Christine Conway";"Male";43;9;23985.0;2665.0;0
6004;"Katherine Cameron";"Female";41;5;17600.0;3520.0;0
18407;"Sierra Wilson";"Male";64;10;28327.0;2832.7;0
25522;"Amanda Heath";"Female";33;9;29780.0;3308.8889;0
14025;"Melissa Shah";"Female";63;5;12441.0;2488.2;0
4563;"Joshua Robinson";"Male";55;7;24564.0;3509.1429;0
48651;"Kristina Reyes";"Male";25;7;22575.0;3225.0;0
22230;"Christopher Barton";"Female";32;7;14892.0;2127.4286;0
2041;"Daniel Martin";"Female";58;7;13897.0;1985.2857;0
45961;"Austin Torres";"Female";68;7;21051.0;3007.2857;0
32218;"Gary Freeman";"Male";66;7;15123.0;2160.4286;0
14200;"Alisha Juarez";"Female";62;4;13426.0;3356.5;0
6553;"Robert Dunn";"Female";51;7;21796.0;3113.7143;1
2741;"Dr. Emily Scott";"Female";59;5;11099.0;2219.8;1
24939;"Steven Lang";"Male";63;10;28084.0;2808.4;0
43220;"Adriana Parrish";"Female";70;5;17825.0;3565.0;1
36131;"Tracy Braun";"Male";23;5;16797.0;3359.4;0
10204;"Stephanie Pacheco";"Male";39;7;15813.0;2259.0;0
12800;"Mrs. Carly Mata";"Female";69;12;28599.0;2383.25;0
33873;"Debra Stein";"Male";66;4;11382.0;2845.5;0
10112;"Christopher Armstrong";"Male";31;6;17820.0;2970.0;0
31367;"Stephanie Peters";"Male";54;6;16032.0;2672.0;0
32820;"Michael Mcdaniel";"Male";58;3;8064.0;2688.0;0
516;"Evan Arias";"Male";35;6;17779.0;2963.1667;1
16322;"Lisa Sanchez";"Female";41;5;17226.0;3445.2;1
9244;"David Johnson";"Male";34;7;19377.0;2768.1429;0
22062;"Lisa Sanchez";"Male";40;12;31214.0;2601.1667;0
47531;"Steven Cochran";"Female";42;7;23219.0;3317.0;0
32198;"Catherine Jordan";"Male";24;4;9167.0;2291.75;1
27048;"David Hubbard";"Female";51;4;10180.0;2545.0;0
38272;"Andrea Jackson";"Male";67;5;9924.0;1984.8;1
34034;"Michele White";"Female";58;7;17992.0;2570.2857;0
47567;"Luis Rogers";"Male";54;9;28729.0;3192.1111;0
29947;"Brandon Brooks";"Female";63;5;15736.0;3147.2;0
32848;"Robert Burnett";"Male";29;6;13671.0;2278.5;0
15944;"Mikayla Krueger";"Female";69;3;7428.0;2476.0;0
5638;"Frank Anderson";"Male";26;5;6347.0;1269.4;0
21725;"Jennifer Gonzalez";"Male";65;9;22675.0;2519.4444;0
33577;"Jessica Morris";"Male";54;5;16960.0;3392.0;0
42926;"Joanna Cooper";"Female";19;5;14925.0;2985.0;1
44135;"Aaron Butler";"Male";51;7;21512.0;3073.1429;0
17972;"Terrance Stewart";"Female";25;5;12791.0;2558.2;0
3739;"Heather Rogers";"Male";24;7;20178.0;2882.5714;0
19900;"Diana Baker";"Female";57;5;11374.0;2274.8;0
20152;"Ethan Turner";"Female";51;8;17810.0;2226.25;0
7621;"William Michael";"Male";27;4;12900.0;3225.0;0
19310;"Michael Holt";"Female";31;3;6655.0;2218.3333;1
5919;"Rhonda Long";"Male";67;5;14419.0;2883.8;0
32089;"Albert Suarez";"Male";44;11;32712.0;2973.8182;1
35836;"Deborah Gonzales";"Female";25;6;16149.0;2691.5;0
23803;"Jacqueline Rogers";"Female";55;3;7897.0;2632.3333;0
41858;"Abigail Lopez";"Female";32;3;7380.0;2460.0;0
19120;"Michael Scott";"Male";20;4;8873.0;2218.25;0
2095;"Colleen Douglas";"Male";55;2;4386.0;2193.0;0
35432;"Joseph Dawson DDS";"Male";48;5;9550.0;1910.0;1
47171;"Brenda Goodman";"Male";50;5;18361.0;3672.2;0
39751;"Stacy Juarez";"Female";49;5;10197.0;2039.4;0
35734;"Matthew Black";"Male";38;6;16066.0;2677.6667;0
44599;"Robert Brown";"Male";43;6;15224.0;2537.3333;0
2408;"Anna Baker";"Female";43;5;13436.0;2687.2;0
1276;"Joseph Kelly";"Male";66;6;14773.0;2462.1667;1
35906;"Toni Lee";"Female";49;6;14992.0;2498.6667;0
7448;"Courtney Mcmahon";"Male";44;4;13598.0;3399.5;1
35264;"Stacey Acosta";"Female";48;6;14779.0;2463.1667;0
27534;"Karen Harris";"Female";59;8;20337.0;2542.125;0
6058;"Caleb Cruz";"Female";19;5;14505.0;2901.0;1
37649;"Mathew Barnes";"Male";19;6;11877.0;1979.5;0
39875;"Deborah Evans";"Female";59;4;10703.0;2675.75;0
16962;"Rachel Blake";"Female";47;9;22775.0;2530.5556;0
24798;"Angela Gentry";"Female";49;9;24851.0;2761.2222;0
13856;"Julie Farley";"Female";64;5;15672.0;3134.4;0
5612;"Anthony Hayes";"Male";53;6;15283.0;2547.1667;0
36170;"Jean Weaver";"Female";33;6;15386.0;2564.3333;0
5309;"Daniel Smith";"Female";19;5;12384.0;2476.8;0
13161;"Ralph Vasquez";"Male";46;4;10029.0;2507.25;0
34275;"Donald Best";"Female";29;7;23016.0;3288.0;0
17430;"Sandra Lee PhD";"Male";50;8;21362.0;2670.25;0
33582;"Charles Miller";"Female";52;4;12871.0;3217.75;0
33102;"Victoria Smith";"Male";23;8;20025.0;2503.125;1
27791;"Deborah Nguyen";"Male";26;5;14193.0;2838.6;0
11987;"Robert Davis";"Male";62;2;6261.0;3130.5;0
26378;"Nathaniel Bishop";"Female";28;12;36589.0;3049.0833;0
39258;"Samantha Huerta";"Male";48;9;19140.0;2126.6667;0
15627;"Brian Valdez";"Female";69;8;19901.0;2487.625;0
15992;"Miss Kelsey Arias MD";"Male";43;5;13803.0;2760.6;0
14936;"Kelly Rice";"Female";33;5;11177.0;2235.4;0
45089;"Richard Rose";"Male";25;11;42701.0;3881.9091;0
13613;"Melissa Smith";"Female";42;7;15720.0;2245.7143;0
43194;"Peter Kim";"Female";45;6;20792.0;3465.3333;0
25033;"Andre Meyer";"Female";53;4;12803.0;3200.75;0
36668;"Mr. Kevin Gray";"Male";41;5;12320.0;2464.0;0
32179;"Jimmy Anderson";"Male";43;5;19711.0;3942.2;0
19977;"Trevor Chavez";"Male";42;5;16394.0;3278.8;0
25350;"Jonathan Chen";"Female";46;7;16946.0;2420.8571;0
49611;"Donald Young";"Male";63;8;20816.0;2602.0;1
28212;"Sheila Watson";"Male";38;8;17541.0;2192.625;0
41930;"Amanda Best";"Female";52;6;19180.0;3196.6667;1
15471;"Rachel Guzman";"Female";45;8;20684.0;2585.5;0
26786;"Evelyn Snyder";"Male";23;8;24994.0;3124.25;1
48573;"Paul Campbell";"Female";27;9;29898.0;3322.0;0
36163;"Terri Vazquez";"Female";65;8;27069.0;3383.625;0
32454;"Maria Hunter";"Male";61;6;14878.0;2479.6667;0
17023;"Hunter Ferguson";"Male";43;6;12679.0;2113.1667;0
41760;"Javier Silva";"Female";25;4;5070.0;1267.5;0
34377;"Jessica Valentine";"Male";31;5;10269.0;2053.8;1
23632;"Nicole Reed";"Female";45;4;11621.0;2905.25;0
27943;"Amber Meyer";"Male";67;7;18606.0;2658.0;0
37155;"Johnathan Williams";"Male";57;6;10861.0;1810.1667;0
26143;"Luis Moore";"Male";18;2;8040.0;4020.0;0
48906;"Michael Ferguson";"Female";37;8;25674.0;3209.25;1
1257;"Janet Thompson";"Male";52;3;6302.0;2100.6667;1
27598;"Trevor Macias";"Female";46;5;8757.0;1751.4;0
35976;"Jessica Price";"Female";24;7;12938.0;1848.2857;0
49689;"Jasmine Garcia";"Male";28;5;15365.0;3073.0;0
34730;"Robert Gonzalez";"Female";61;6;23436.0;3906.0;0
15476;"Kristin Marshall";"Female";48;7;11763.0;1680.4286;0
25893;"Joshua Barajas";"Male";68;6;17949.0;2991.5;0
29399;"Ricky Potter";"Male";53;5;15877.0;3175.4;0
16228;"Thomas Garcia";"Female";39;4;15273.0;3818.25;1
25261;"Tamara Reid";"Male";48;8;21357.0;2669.625;0
32488;"Matthew Fuller";"Male";53;5;12899.0;2579.8;0
16741;"Andrew Morales";"Male";20;9;19261.0;2140.1111;0
46213;"Taylor Stone";"Male";24;4;12920.0;3230.0;0
37151;"Michael Davis";"Female";52;10;25072.0;2507.2;1
31422;"Stephanie West";"Female";50;6;13287.0;2214.5;0
6041;"Timothy Pineda";"Female";59;8;25546.0;3193.25;0
1423;"Joseph Rogers";"Female";30;6;21608.0;3601.3333;0
31447;"Joseph Armstrong";"Male";60;3;4715.0;1571.6667;0
4021;"Jack Ross";"Male";46;8;18363.0;2295.375;0
43935;"Tony Gilmore";"Female";56;4;11130.0;2782.5;0
49546;"Amber Green";"Female";35;2;4241.0;2120.5;0
15963;"Walter Madden";"Female";23;5;10130.0;2026.0;0
43026;"Joshua Park";"Female";70;5;20528.0;4105.6;0
41326;"Justin Jackson";"Male";35;8;24459.0;3057.375;0
40886;"Nancy Gross";"Female";21;6;16709.0;2784.8333;0
3535;"John Rodriguez";"Female";35;6;20269.0;3378.1667;0
27494;"Michael Brennan";"Female";59;5;14461.0;2892.2;0
33757;"Allison Price";"Male";33;6;14576.0;2429.3333;0
41607;"Nathan Sullivan";"Female";50;4;14798.0;3699.5;0
21120;"Gina Dougherty";"Female";54;3;8897.0;2965.6667;0
25095;"Bryce Thomas";"Male";20;11;24775.0;2252.2727;0
35731;"George Hartman";"Female";29;5;16472.0;3294.4;1
18820;"Cristian Johnson";"Male";51;5;12689.0;2537.8;0
28427;"Ian Mercado";"Male";50;6;12618.0;2103.0;0
9645;"John Davis";"Female";39;6;21096.0;3516.0;0
18815;"Stephanie Carrillo";"Female";21;5;16232.0;3246.4;0
26070;"Tammy Manning";"Female";41;5;7654.0;1530.8;0
45532;"April Riggs";"Male";30;2;3040.0;1520.0;0
277;"Jason Williams";"Male";28;7;15709.0;2244.1429;0
45479;"Thomas Waller";"Male";27;6;13310.0;2218.3333;0
16645;"Amy Campos";"Female";26;4;6072.0;1518.0;0
27832;"Sean Fritz";"Female";39;9;36252.0;4028.0;0
26273;"Ana Wilson";"Female";22;6;12384.0;2064.0;1
34619;"Jorge Gibson";"Male";47;8;24561.0;3070.125;0
30524;"Kathryn Kane";"Male";64;7;16083.0;2297.5714;0
4155;"Chad Ramirez";"Male";64;8;24001.0;3000.125;0
10559;"Wayne Clark";"Male";18;5;14634.0;2926.8;1
18402;"Stacey Zuniga";"Female";52;9;18797.0;2088.5556;0
33650;"Melissa Nguyen";"Male";29;5;11564.0;2312.8;0
15199;"Mariah Garza";"Male";70;6;15285.0;2547.5;0
29736;"Jasmine Wolf";"Male";56;6;19615.0;3269.1667;1
41493;"James Logan";"Male";38;6;10470.0;1745.0;0
17446;"Becky Taylor";"Female";29;4;11177.0;2794.25;0
13394;"Ms. Erica Olson";"Male";39;7;22251.0;3178.7143;0
37144;"Trevor Bowen";"Female";19;8;23876.0;2984.5;0
39457;"Monica Ruiz";"Female";20;9;19680.0;2186.6667;0
40210;"Jacqueline Benson";"Male";35;5;15172.0;3034.4;1
13861;"Alexa Castaneda";"Female";60;6;15312.0;2552.0;0
32516;"Ashley Hamilton";"Male";64;6;16919.0;2819.8333;0
2391;"Nancy Nichols";"Male";47;5;16141.0;3228.2;0
10512;"Brooke Flores";"Male";47;10;24922.0;2492.2;0
26213;"Tracy Higgins";"Female";35;4;14168.0;3542.0;0
19405;"Margaret Kelly";"Male";61;6;9640.0;1606.6667;1
13297;"Daniel Garner";"Female";34;7;14997.0;2142.4286;0
8764;"James Norman";"Female";24;4;7760.0;1940.0;1
36229;"Jessica Miller";"Female";37;7;16790.0;2398.5714;0
1380;"Jay Guzman";"Male";36;4;11204.0;2801.0;0
12705;"Alex Sawyer";"Male";22;5;15368.0;3073.6;0
1212;"Rodney Davis";"Male";23;8;20396.0;2549.5;0
9947;"Dr. Kyle Whitaker";"Male";60;9;31244.0;3471.5556;0
21554;"Brian Gonzalez";"Female";70;5;17298.0;3459.6;0
31123;"Robert Carpenter";"Female";59;8;19137.0;2392.125;0
37253;"Deanna Hernandez";"Female";50;9;24958.0;2773.1111;0
20871;"Mark Jenkins";"Female";66;4;8749.0;2187.25;0
38103;"Holly Hansen";"Male";23;6;19872.0;3312.0;0
36841;"James Johnson";"Male";39;5;11444.0;2288.8;0
7727;"Carlos Chang";"Female";67;9;17956.0;1995.1111;0
13060;"Brian Scott";"Female";46;4;13454.0;3363.5;0
40373;"Barbara Garner";"Male";43;8;31139.0;3892.375;1
19343;"Amanda Gutierrez";"Male";29;9;19517.0;2168.5556;0
15186;"Christina Wright";"Male";21;7;20230.0;2890.0;0
5489;"David Reed";"Male";56;8;20322.0;2540.25;0
29887;"Natasha Li";"Female";42;8;23248.0;2906.0;0
33336;"Douglas Hughes";"Male";40;5;11943.0;2388.6;0
722;"Elaine Walker";"Female";20;8;22479.0;2809.875;0
40420;"Taylor Nelson";"Male";25;9;22438.0;2493.1111;0
29565;"Jean Allen";"Male";38;4;9757.0;2439.25;0
27581;"Danielle Doyle";"Female";55;5;13718.0;2743.6;1
37914;"Tanner Trujillo";"Female";30;7;14066.0;2009.4286;1
14386;"Angela Scott";"Male";35;8;20935.0;2616.875;0
35974;"Jeffrey Jackson";"Female";35;5;13188.0;2637.6;0
37984;"Todd Gomez";"Female";36;4;9759.0;2439.75;0
26244;"Catherine Morris";"Male";66;7;24620.0;3517.1429;1
1899;"Matthew Dixon";"Female";68;8;26490.0;3311.25;0
9050;"Connie Sanchez";"Male";23;7;19528.0;2789.7143;0
32319;"Suzanne Zamora";"Male";23;10;22432.0;2243.2;0
43690;"Dominique Willis";"Female";58;6;20489.0;3414.8333;0
42774;"Jerome Griffin";"Male";69;8;25243.0;3155.375;0
16315;"Robert Johnson";"Female";31;5;6262.0;1252.4;0
40370;"Pamela Brown";"Male";25;5;13628.0;2725.6;0
48678;"Jose Roman";"Male";70;6;18166.0;3027.6667;1
9932;"Tara Brooks";"Male";69;5;15808.0;3161.6;0
47055;"Daniel Lyons";"Female";28;6;17685.0;2947.5;0
18710;"John Clark";"Female";70;3;6769.0;2256.3333;0
10732;"Carly Bishop";"Female";66;5;18425.0;3685.0;0
5732;"Richard Tucker";"Female";60;7;22688.0;3241.1429;1
40024;"Troy Price";"Female";62;13;38593.0;2968.6923;1
25115;"Megan Castro";"Male";63;6;16061.0;2676.8333;0
36497;"Daniel Patrick";"Male";38;3;2430.0;810.0;0
21588;"Vincent Collins";"Male";49;3;7706.0;2568.6667;0
24855;"Amanda Stone";"Male";20;7;14232.0;2033.1429;0
28454;"Nicole Petersen";"Male";59;2;2962.0;1481.0;0
30024;"Austin Woods";"Female";47;6;18553.0;3092.1667;0
45280;"Christine Henry";"Female";37;7;17302.0;2471.7143;0
5687;"John Morgan";"Female";48;8;26072.0;3259.0;0
44768;"Justin Rodriguez";"Female";37;6;16505.0;2750.8333;0
24719;"Dustin Cruz MD";"Male";31;6;19408.0;3234.6667;0
40058;"Edgar Wells";"Female";68;6;15287.0;2547.8333;0
12816;"Victor Thornton";"Female";62;4;13366.0;3341.5;1
44708;"Joshua Mullins";"Female";59;10;32038.0;3203.8;1
27238;"Sandra Coleman";"Male";26;5;15476.0;3095.2;0
6682;"Dustin Burton";"Female";25;6;12463.0;2077.1667;0
3944;"Steven Hanson";"Female";60;7;27811.0;3973.0;0
31491;"Robert Garcia";"Female";61;7;19512.0;2787.4286;0
43929;"Emily Robertson";"Male";18;4;10366.0;2591.5;0
5025;"Tara Gordon";"Female";59;6;16836.0;2806.0;0
40965;"Suzanne Booth";"Female";53;6;17417.0;2902.8333;0
31101;"Christy Rocha";"Female";62;5;9259.0;1851.8;0
482;"Renee Ramirez";"Male";68;6;13719.0;2286.5;0
21823;"Stephanie Rodriguez";"Female";23;5;15860.0;3172.0;0
26405;"Lisa Williams";"Male";61;6;24265.0;4044.1667;0
4588;"Anne Smith";"Male";61;9;21962.0;2440.2222;0
8038;"Nathan Tucker";"Male";23;4;10861.0;2715.25;0
29018;"Holly Ellis";"Female";25;7;13858.0;1979.7143;0
4320;"Jennifer Ramirez";"Female";70;4;10745.0;2686.25;1
45459;"David Conner";"Male";27;5;13823.0;2764.6;0
23696;"Jeremy Perez";"Female";55;5;14611.0;2922.2;0
21159;"John Johnson";"Female";18;7;12068.0;1724.0;0
49752;"Nancy Mclaughlin";"Male";23;9;29705.0;3300.5556;0
7730;"Theodore Walker";"Female";29;3;6764.0;2254.6667;0
31404;"William Mills";"Female";39;6;17807.0;2967.8333;0
38972;"Scott Galvan";"Female";21;8;19203.0;2400.375;0
14623;"Todd Ballard";"Male";44;3;7312.0;2437.3333;0
49978;"Joe Deleon";"Female";52;5;14311.0;2862.2;0
9266;"Amanda Hobbs";"Male";25;4;5373.0;1343.25;1
13764;"Anita Marshall";"Female";25;6;22816.0;3802.6667;0
11347;"Lindsey Turner";"Female";44;7;21156.0;3022.2857;0
19458;"James Robertson";"Female";30;5;9749.0;1949.8;0
14772;"Mrs. Holly Pope";"Male";70;13;45642.0;3510.9231;0
5917;"John Smith";"Male";56;6;13422.0;2237.0;0
7072;"Andrea Gutierrez";"Female";41;7;15743.0;2249.0;0
26340;"Shelly Johnston";"Female";51;7;20926.0;2989.4286;0
27758;"Mary Wagner";"Male";26;5;14546.0;2909.2;0
25728;"Michelle Stanley";"Male";57;9;24223.0;2691.4444;0
12569;"Julie Thomas";"Female";18;4;10606.0;2651.5;0
17725;"Jennifer Santana";"Female";56;6;15862.0;2643.6667;0
18373;"David Cruz";"Female";22;9;25218.0;2802.0;0
43312;"Russell Green";"Male";61;4;14451.0;3612.75;0
15662;"Sharon Graham";"Male";49;8;29963.0;3745.375;0
9198;"Cindy Cook";"Female";38;2;4609.0;2304.5;0
16948;"William Martinez";"Female";29;11;31407.0;2855.1818;0
11804;"Kathleen Mahoney";"Female";49;10;26298.0;2629.8;0
39041;"Jacqueline Haley";"Female";63;5;11539.0;2307.8;0
22249;"Mandy Kelley";"Male";57;6;13731.0;2288.5;0
15674;"Rebecca Sampson";"Male";27;7;20126.0;2875.1429;0
46156;"Patrick Sanchez";"Male";55;3;5414.0;1804.6667;0
36433;"Rodney Huang";"Female";43;2;9053.0;4526.5;0
41160;"Kevin Welch";"Male";65;6;22068.0;3678.0;0
13547;"Michelle Sweeney";"Male";69;5;20948.0;4189.6;1
11729;"Dennis Becker";"Male";41;2;7140.0;3570.0;0
11423;"Brandon Velasquez";"Male";38;9;30997.0;3444.1111;1
36914;"Antonio Saunders";"Female";27;8;18607.0;2325.875;0
27812;"Caitlin Welch";"Male";67;4;11438.0;2859.5;0
44961;"Larry Nichols";"Female";59;9;21824.0;2424.8889;1
39340;"Dr. John Mitchell";"Male";18;1;3916.0;3916.0;0
18803;"Jeffrey Gardner";"Male";56;8;15231.0;1903.875;0
7872;"Matthew Atkinson";"Male";45;5;13409.0;2681.8;0
1844;"Jenna Roberts";"Male";59;5;18493.0;3698.6;0
3578;"Samuel Mata";"Male";51;7;12599.0;1799.8571;1
6319;"Warren Wiley";"Male";65;6;12710.0;2118.3333;0
42869;"Jason Woods";"Female";29;3;7636.0;2545.3333;0
10381;"Isaiah Silva";"Female";20;4;11121.0;2780.25;0
15494;"Dr. Angela Smith";"Female";24;9;21456.0;2384.0;0
43014;"Diane Levy";"Male";59;6;18505.0;3084.1667;0
45844;"Lisa Poole";"Female";64;6;21300.0;3550.0;1
32168;"Tiffany Smith";"Female";22;6;8354.0;1392.3333;0
47159;"Ms. Latoya Smith";"Male";49;5;15919.0;3183.8;0
35719;"Brandy Lawson";"Male";55;7;19859.0;2837.0;0
2033;"Wendy Berger";"Male";45;7;18260.0;2608.5714;0
14101;"George Perez";"Male";66;7;19949.0;2849.8571;0
35562;"Catherine Barber";"Male";64;5;13179.0;2635.8;0
25914;"Karen Reese";"Male";55;6;13827.0;2304.5;0
46104;"Morgan King";"Female";41;5;12441.0;2488.2;1
1291;"Kevin Marsh";"Female";65;5;15695.0;3139.0;0
8759;"Penny Downs";"Female";70;4;14612.0;3653.0;0
43560;"Jessica Wallace";"Male";28;7;18013.0;2573.2857;0
14450;"Julia Hanna";"Male";30;10;26822.0;2682.2;0
33993;"Heather Sanders";"Male";38;8;22830.0;2853.75;0
24088;"Lisa Mcdowell";"Female";44;6;21853.0;3642.1667;0
30038;"Jordan Doyle";"Male";64;6;21925.0;3654.1667;0
42891;"Tina Smith";"Male";62;4;9200.0;2300.0;0
14820;"Jordan Moore";"Male";23;5;13249.0;2649.8;0
47286;"Katherine Fitzpatrick";"Female";39;6;13160.0;2193.3333;1
9834;"Alexis Williams";"Male";27;2;7598.0;3799.0;0
27555;"Kimberly Hess";"Male";44;3;11825.0;3941.6667;0
3267;"Jessica Allen";"Female";20;5;12309.0;2461.8;1
125;"Matthew Harrell";"Female";46;6;17497.0;2916.1667;0
8458;"Erica Scott";"Male";33;6;13357.0;2226.1667;0
32793;"Ashley Andrews";"Male";21;5;8293.0;1658.6;0
3362;"Amanda Hodges";"Male";48;5;12552.0;2510.4;0
5376;"Sarah Rios";"Male";54;8;23936.0;2992.0;0
41821;"Christina Wood";"Male";63;5;12206.0;2441.2;0
48178;"Christine Bailey";"Male";58;4;6029.0;1507.25;0
45932;"Brian Erickson";"Male";29;10;17690.0;1769.0;0
25047;"Tyler Klein";"Male";32;4;16352.0;4088.0;0
43331;"Amanda Duran";"Male";29;7;20820.0;2974.2857;0
44749;"Alan Rice";"Male";63;9;21852.0;2428.0;0
32461;"Brett Simmons";"Female";61;3;11403.0;3801.0;0
42006;"Daniel Brown";"Male";52;4;9115.0;2278.75;1
31534;"Joseph Wang";"Female";35;9;23114.0;2568.2222;0
19529;"Jeffrey Brown";"Male";43;6;18244.0;3040.6667;0
36849;"Paul Santos";"Female";32;8;17066.0;2133.25;1
31346;"Nathaniel Mueller";"Male";63;5;13251.0;2650.2;1
29142;"Annette Hansen DVM";"Female";49;6;14224.0;2370.6667;0
42670;"Annette Gallagher";"Male";52;3;7190.0;2396.6667;0
48257;"William Clark";"Male";45;9;32340.0;3593.3333;0
30361;"Jennifer Ortiz";"Male";36;4;11787.0;2946.75;0
9943;"Laurie Kramer";"Male";26;8;20155.0;2519.375;0
21690;"Matthew Coleman";"Male";33;6;14949.0;2491.5;1
33094;"Jacqueline Snyder";"Female";33;4;10382.0;2595.5;0
27120;"Zachary Vasquez";"Female";27;5;10979.0;2195.8;0
28206;"Charles Macias";"Male";62;9;28247.0;3138.5556;1
12730;"Gina Davis";"Male";26;8;26184.0;3273.0;1
9335;"Rachel Glover";"Male";52;7;19234.0;2747.7143;1
19219;"Mark Harris";"Male";36;7;9276.0;1325.1429;1
22803;"Christopher Wiley";"Male";50;3;4718.0;1572.6667;0
48706;"Roberto Copeland";"Female";37;7;13280.0;1897.1429;1
24586;"Jason Gardner";"Female";56;4;7808.0;1952.0;0
39533;"Maria Wilkinson";"Female";66;6;14498.0;2416.3333;0
209;"Patricia Morrow";"Male";66;7;17402.0;2486.0;0
27694;"Ivan Reynolds";"Female";62;10;19759.0;1975.9;0
6665;"Laura Murillo";"Female";31;6;20342.0;3390.3333;0
30697;"Shawn Price";"Female";60;7;20402.0;2914.5714;0
46939;"Peter Andrews";"Female";40;6;17106.0;2851.0;0
49559;"Jon Brown";"Male";29;7;19184.0;2740.5714;0
42956;"Shelly Edwards MD";"Female";68;9;18961.0;2106.7778;0
6908;"Anna Freeman";"Male";44;8;23076.0;2884.5;0
39089;"Zachary Foster";"Female";62;6;11266.0;1877.6667;0
19836;"Katelyn Greene";"Female";21;2;3610.0;1805.0;0
23212;"Bruce Jones";"Female";46;6;21497.0;3582.8333;1
41178;"Taylor Moore";"Male";24;7;21281.0;3040.1429;0
45458;"Cynthia Obrien";"Male";58;4;6975.0;1743.75;1
12109;"Sarah Chang";"Male";19;4;9208.0;2302.0;1
14440;"David Bass";"Female";52;4;11075.0;2768.75;0
6999;"Erin Dennis";"Female";54;8;20590.0;2573.75;0
547;"Holly Hall";"Female";19;6;17435.0;2905.8333;0
9745;"Rachel Frank";"Female";65;6;15770.0;2628.3333;0
30812;"Kristin Moore";"Female";24;5;16525.0;3305.0;0
35555;"Luis Ramirez";"Female";19;11;21446.0;1949.6364;1
46398;"Ryan Jones";"Male";32;5;11704.0;2340.8;0
48378;"Jennifer Schroeder";"Male";28;8;30453.0;3806.625;0
36013;"Jamie Willis";"Male";59;3;8625.0;2875.0;0
13792;"David Solis";"Female";26;5;15223.0;3044.6;0
36700;"Chelsea Peterson";"Male";28;10;28324.0;2832.4;0
45531;"Stacy Collins";"Female";50;2;4371.0;2185.5;0
22680;"Nicole Jones";"Male";38;6;18073.0;3012.1667;0
2684;"Angela Duarte";"Female";65;5;15897.0;3179.4;0
25617;"Kevin Meadows";"Male";31;6;18661.0;3110.1667;1
1657;"James Petty";"Male";49;9;27695.0;3077.2222;0
27119;"Lance Gomez";"Female";39;2;927.0;463.5;0
21806;"Charles Lee";"Male";39;4;5459.0;1364.75;0
4475;"Javier Smith";"Female";48;8;13250.0;1656.25;0
20053;"Gregory Pitts";"Male";36;6;9244.0;1540.6667;0
13479;"Dana Bernard";"Male";36;5;9177.0;1835.4;1
29255;"John Horton";"Male";34;6;12055.0;2009.1667;0
25647;"Travis Walker";"Male";50;6;14344.0;2390.6667;0
43745;"Mary Martinez";"Male";61;7;14891.0;2127.2857;0
26345;"Leslie Cooper";"Male";20;8;22569.0;2821.125;0
19634;"Natalie Nguyen";"Male";56;4;8739.0;2184.75;0
27800;"Susan Davis";"Male";64;4;9945.0;2486.25;1
9222;"Tina Tucker";"Male";19;4;9745.0;2436.25;0
30203;"Jonathan Chang";"Female";30;7;19444.0;2777.7143;1
45071;"Blake Anderson";"Male";68;4;7964.0;1991.0;0
16478;"Matthew Williams";"Female";50;8;26416.0;3302.0;0
34512;"Matthew Delgado";"Male";57;3;4805.0;1601.6667;0
37461;"Kayla Jackson DDS";"Male";60;6;17623.0;2937.1667;0
30224;"Jasmine Reed";"Female";69;8;28698.0;3587.25;0
36198;"Chris Daniels";"Female";22;10;23769.0;2376.9;1
39677;"Zachary Powell";"Female";24;10;22862.0;2286.2;1
42797;"David Diaz";"Female";22;3;9843.0;3281.0;0
42688;"Shawna Sharp";"Male";53;5;11851.0;2370.2;0
18223;"Jason Jones";"Male";46;8;25233.0;3154.125;0
130;"Ashley Wilson";"Female";37;4;15849.0;3962.25;0
37126;"Julie Armstrong";"Female";69;8;21312.0;2664.0;0
34323;"Victoria Johnston";"Female";55;5;12977.0;2595.4;1
34745;"Casey Crawford";"Female";43;3;4239.0;1413.0;0
25944;"Susan Martinez DDS";"Female";70;5;14622.0;2924.4;0
49475;"Michael Valencia";"Female";27;3;10819.0;3606.3333;0
21425;"Dana Anderson";"Female";23;4;7146.0;1786.5;0
47251;"Eric Wilson";"Female";61;8;22106.0;2763.25;0
43539;"Terry Jennings";"Male";61;7;10598.0;1514.0;0
5087;"Rachel Williams";"Female";32;8;18190.0;2273.75;1
32844;"Pamela Pennington";"Female";42;6;22331.0;3721.8333;0
41608;"Ryan Lopez";"Male";24;5;21692.0;4338.4;0
22105;"Philip Parker";"Female";31;10;27429.0;2742.9;0
45927;"Melissa Lambert";"Male";69;5;15328.0;3065.6;0
38205;"Kathleen Stanley";"Male";47;7;23440.0;3348.5714;0
4229;"Michael Johnson";"Female";24;5;14598.0;2919.6;0
14391;"Patricia Smith";"Female";59;6;8299.0;1383.1667;0
23775;"Gregory Swanson";"Female";67;9;24808.0;2756.4444;0
18991;"David Gibson";"Male";27;5;9946.0;1989.2;0
43391;"Bryan Henry";"Male";22;2;5283.0;2641.5;1
30564;"Emma Jones";"Male";62;6;17467.0;2911.1667;0
6774;"Derrick Curtis";"Female";69;7;16865.0;2409.2857;1
10467;"Jeremy Flores";"Female";31;6;15526.0;2587.6667;0
49898;"James Farmer";"Male";48;9;22067.0;2451.8889;0
25630;"Brandon Shaw";"Female";20;7;16778.0;2396.8571;0
19187;"Connor Rose";"Male";30;5;14072.0;2814.4;0
31394;"Sheryl Hernandez";"Male";70;13;37529.0;2886.8462;0
32608;"Julie Rangel";"Female";21;10;21240.0;2124.0;0
22175;"Joseph Turner";"Male";31;5;11172.0;2234.4;0
30382;"Benjamin Foster";"Male";62;2;3391.0;1695.5;0
